<annotation><folder>train</folder><filename>00b21150c.jpg</filename><size><width>768</width><height>768</height><depth>3</depth></size><segmented>0</segmented><object><name>ship</name><pose>Unspecified</pose><truncated>0</truncated><difficult>0</difficult><bndbox><xmin>551</xmin><ymin>611</ymin><xmax>757</xmax><ymax>655</ymax></bndbox></object><object><name>ship</name><pose>Unspecified</pose><truncated>0</truncated><difficult>0</difficult><bndbox><xmin>504</xmin><ymin>645</ymin><xmax>767</xmax><ymax>711</ymax></bndbox></object></annotation>