<annotation><folder>train</folder><filename>0104ed53e.jpg</filename><size><width>768</width><height>768</height><depth>3</depth></size><segmented>0</segmented><object><name>ship</name><pose>Unspecified</pose><truncated>0</truncated><difficult>0</difficult><bndbox><xmin>160</xmin><ymin>354</ymin><xmax>213</xmax><ymax>376</ymax></bndbox></object><object><name>ship</name><pose>Unspecified</pose><truncated>0</truncated><difficult>0</difficult><bndbox><xmin>519</xmin><ymin>132</ymin><xmax>616</xmax><ymax>177</ymax></bndbox></object></annotation>