<annotation><folder>train</folder><filename>014bf2cb5.jpg</filename><size><width>768</width><height>768</height><depth>3</depth></size><segmented>0</segmented><object><name>ship</name><pose>Unspecified</pose><truncated>0</truncated><difficult>0</difficult><bndbox><xmin>25</xmin><ymin>392</ymin><xmax>41</xmax><ymax>399</ymax></bndbox></object><object><name>ship</name><pose>Unspecified</pose><truncated>0</truncated><difficult>0</difficult><bndbox><xmin>44</xmin><ymin>384</ymin><xmax>69</xmax><ymax>394</ymax></bndbox></object></annotation>