<annotation><folder>train</folder><filename>06136508c.jpg</filename><size><width>768</width><height>768</height><depth>3</depth></size><segmented>0</segmented><object><name>ship</name><pose>Unspecified</pose><truncated>0</truncated><difficult>0</difficult><bndbox><xmin>127</xmin><ymin>291</ymin><xmax>366</xmax><ymax>536</ymax></bndbox></object><object><name>ship</name><pose>Unspecified</pose><truncated>0</truncated><difficult>0</difficult><bndbox><xmin>188</xmin><ymin>362</ymin><xmax>250</xmax><ymax>426</ymax></bndbox></object></annotation>