<annotation><folder>train</folder><filename>0761de7f3.jpg</filename><size><width>768</width><height>768</height><depth>3</depth></size><segmented>0</segmented><object><name>ship</name><pose>Unspecified</pose><truncated>0</truncated><difficult>0</difficult><bndbox><xmin>421</xmin><ymin>621</ymin><xmax>439</xmax><ymax>632</ymax></bndbox></object><object><name>ship</name><pose>Unspecified</pose><truncated>0</truncated><difficult>0</difficult><bndbox><xmin>0</xmin><ymin>728</ymin><xmax>22</xmax><ymax>744</ymax></bndbox></object></annotation>