<annotation><folder>train</folder><filename>0845c0106.jpg</filename><size><width>768</width><height>768</height><depth>3</depth></size><segmented>0</segmented><object><name>ship</name><pose>Unspecified</pose><truncated>0</truncated><difficult>0</difficult><bndbox><xmin>631</xmin><ymin>401</ymin><xmax>726</xmax><ymax>453</ymax></bndbox></object><object><name>ship</name><pose>Unspecified</pose><truncated>0</truncated><difficult>0</difficult><bndbox><xmin>452</xmin><ymin>139</ymin><xmax>531</xmax><ymax>218</ymax></bndbox></object></annotation>