<annotation><folder>train</folder><filename>0bb22ff9b.jpg</filename><size><width>768</width><height>768</height><depth>3</depth></size><segmented>0</segmented><object><name>ship</name><pose>Unspecified</pose><truncated>0</truncated><difficult>0</difficult><bndbox><xmin>231</xmin><ymin>262</ymin><xmax>271</xmax><ymax>332</ymax></bndbox></object><object><name>ship</name><pose>Unspecified</pose><truncated>0</truncated><difficult>0</difficult><bndbox><xmin>193</xmin><ymin>454</ymin><xmax>201</xmax><ymax>469</ymax></bndbox></object></annotation>