<annotation><folder>train</folder><filename>0c565839d.jpg</filename><size><width>768</width><height>768</height><depth>3</depth></size><segmented>0</segmented><object><name>ship</name><pose>Unspecified</pose><truncated>0</truncated><difficult>0</difficult><bndbox><xmin>48</xmin><ymin>10</ymin><xmax>87</xmax><ymax>29</ymax></bndbox></object><object><name>ship</name><pose>Unspecified</pose><truncated>0</truncated><difficult>0</difficult><bndbox><xmin>47</xmin><ymin>0</ymin><xmax>231</xmax><ymax>72</ymax></bndbox></object></annotation>