<annotation><folder>train</folder><filename>0d51cfa30.jpg</filename><size><width>768</width><height>768</height><depth>3</depth></size><segmented>0</segmented><object><name>ship</name><pose>Unspecified</pose><truncated>0</truncated><difficult>0</difficult><bndbox><xmin>423</xmin><ymin>699</ymin><xmax>435</xmax><ymax>714</ymax></bndbox></object><object><name>ship</name><pose>Unspecified</pose><truncated>0</truncated><difficult>0</difficult><bndbox><xmin>13</xmin><ymin>482</ymin><xmax>24</xmax><ymax>495</ymax></bndbox></object></annotation>