<annotation><folder>train</folder><filename>105dc5604.jpg</filename><size><width>768</width><height>768</height><depth>3</depth></size><segmented>0</segmented><object><name>ship</name><pose>Unspecified</pose><truncated>0</truncated><difficult>0</difficult><bndbox><xmin>20</xmin><ymin>75</ymin><xmax>44</xmax><ymax>98</ymax></bndbox></object><object><name>ship</name><pose>Unspecified</pose><truncated>0</truncated><difficult>0</difficult><bndbox><xmin>23</xmin><ymin>538</ymin><xmax>35</xmax><ymax>548</ymax></bndbox></object></annotation>