<annotation><folder>train</folder><filename>12ae4cb36.jpg</filename><size><width>768</width><height>768</height><depth>3</depth></size><segmented>0</segmented><object><name>ship</name><pose>Unspecified</pose><truncated>0</truncated><difficult>0</difficult><bndbox><xmin>114</xmin><ymin>68</ymin><xmax>121</xmax><ymax>76</ymax></bndbox></object><object><name>ship</name><pose>Unspecified</pose><truncated>0</truncated><difficult>0</difficult><bndbox><xmin>70</xmin><ymin>540</ymin><xmax>78</xmax><ymax>548</ymax></bndbox></object></annotation>