<annotation><folder>train</folder><filename>13abc04bd.jpg</filename><size><width>768</width><height>768</height><depth>3</depth></size><segmented>0</segmented><object><name>ship</name><pose>Unspecified</pose><truncated>0</truncated><difficult>0</difficult><bndbox><xmin>450</xmin><ymin>28</ymin><xmax>540</xmax><ymax>100</ymax></bndbox></object><object><name>ship</name><pose>Unspecified</pose><truncated>0</truncated><difficult>0</difficult><bndbox><xmin>136</xmin><ymin>674</ymin><xmax>251</xmax><ymax>710</ymax></bndbox></object></annotation>