<annotation><folder>train</folder><filename>158d61c0a.jpg</filename><size><width>768</width><height>768</height><depth>3</depth></size><segmented>0</segmented><object><name>ship</name><pose>Unspecified</pose><truncated>0</truncated><difficult>0</difficult><bndbox><xmin>118</xmin><ymin>418</ymin><xmax>144</xmax><ymax>444</ymax></bndbox></object><object><name>ship</name><pose>Unspecified</pose><truncated>0</truncated><difficult>0</difficult><bndbox><xmin>556</xmin><ymin>641</ymin><xmax>569</xmax><ymax>652</ymax></bndbox></object></annotation>