<annotation><folder>train</folder><filename>176c79660.jpg</filename><size><width>768</width><height>768</height><depth>3</depth></size><segmented>0</segmented><object><name>ship</name><pose>Unspecified</pose><truncated>0</truncated><difficult>0</difficult><bndbox><xmin>358</xmin><ymin>568</ymin><xmax>411</xmax><ymax>581</ymax></bndbox></object><object><name>ship</name><pose>Unspecified</pose><truncated>0</truncated><difficult>0</difficult><bndbox><xmin>451</xmin><ymin>571</ymin><xmax>468</xmax><ymax>580</ymax></bndbox></object></annotation>