<annotation><folder>train</folder><filename>1a0b88efe.jpg</filename><size><width>768</width><height>768</height><depth>3</depth></size><segmented>0</segmented><object><name>ship</name><pose>Unspecified</pose><truncated>0</truncated><difficult>0</difficult><bndbox><xmin>197</xmin><ymin>482</ymin><xmax>224</xmax><ymax>488</ymax></bndbox></object><object><name>ship</name><pose>Unspecified</pose><truncated>0</truncated><difficult>0</difficult><bndbox><xmin>200</xmin><ymin>452</ymin><xmax>211</xmax><ymax>472</ymax></bndbox></object><object><name>ship</name><pose>Unspecified</pose><truncated>0</truncated><difficult>0</difficult><bndbox><xmin>182</xmin><ymin>439</ymin><xmax>209</xmax><ymax>448</ymax></bndbox></object><object><name>ship</name><pose>Unspecified</pose><truncated>0</truncated><difficult>0</difficult><bndbox><xmin>106</xmin><ymin>264</ymin><xmax>150</xmax><ymax>314</ymax></bndbox></object><object><name>ship</name><pose>Unspecified</pose><truncated>0</truncated><difficult>0</difficult><bndbox><xmin>198</xmin><ymin>477</ymin><xmax>224</xmax><ymax>483</ymax></bndbox></object><object><name>ship</name><pose>Unspecified</pose><truncated>0</truncated><difficult>0</difficult><bndbox><xmin>184</xmin><ymin>444</ymin><xmax>210</xmax><ymax>454</ymax></bndbox></object><object><name>ship</name><pose>Unspecified</pose><truncated>0</truncated><difficult>0</difficult><bndbox><xmin>165</xmin><ymin>461</ymin><xmax>194</xmax><ymax>470</ymax></bndbox></object><object><name>ship</name><pose>Unspecified</pose><truncated>0</truncated><difficult>0</difficult><bndbox><xmin>170</xmin><ymin>467</ymin><xmax>195</xmax><ymax>474</ymax></bndbox></object></annotation>