<annotation><folder>train</folder><filename>1a448ac4a.jpg</filename><size><width>768</width><height>768</height><depth>3</depth></size><segmented>0</segmented><object><name>ship</name><pose>Unspecified</pose><truncated>0</truncated><difficult>0</difficult><bndbox><xmin>374</xmin><ymin>521</ymin><xmax>378</xmax><ymax>528</ymax></bndbox></object><object><name>ship</name><pose>Unspecified</pose><truncated>0</truncated><difficult>0</difficult><bndbox><xmin>85</xmin><ymin>732</ymin><xmax>91</xmax><ymax>739</ymax></bndbox></object></annotation>