<annotation><folder>train</folder><filename>1bf60513b.jpg</filename><size><width>768</width><height>768</height><depth>3</depth></size><segmented>0</segmented><object><name>ship</name><pose>Unspecified</pose><truncated>0</truncated><difficult>0</difficult><bndbox><xmin>679</xmin><ymin>0</ymin><xmax>705</xmax><ymax>41</ymax></bndbox></object><object><name>ship</name><pose>Unspecified</pose><truncated>0</truncated><difficult>0</difficult><bndbox><xmin>712</xmin><ymin>154</ymin><xmax>754</xmax><ymax>203</ymax></bndbox></object></annotation>