<annotation><folder>train</folder><filename>1c1131253.jpg</filename><size><width>768</width><height>768</height><depth>3</depth></size><segmented>0</segmented><object><name>ship</name><pose>Unspecified</pose><truncated>0</truncated><difficult>0</difficult><bndbox><xmin>11</xmin><ymin>575</ymin><xmax>138</xmax><ymax>732</ymax></bndbox></object><object><name>ship</name><pose>Unspecified</pose><truncated>0</truncated><difficult>0</difficult><bndbox><xmin>518</xmin><ymin>405</ymin><xmax>650</xmax><ymax>528</ymax></bndbox></object></annotation>