<annotation><folder>train</folder><filename>1c70ee306.jpg</filename><size><width>768</width><height>768</height><depth>3</depth></size><segmented>0</segmented><object><name>ship</name><pose>Unspecified</pose><truncated>0</truncated><difficult>0</difficult><bndbox><xmin>460</xmin><ymin>422</ymin><xmax>470</xmax><ymax>433</ymax></bndbox></object><object><name>ship</name><pose>Unspecified</pose><truncated>0</truncated><difficult>0</difficult><bndbox><xmin>637</xmin><ymin>647</ymin><xmax>680</xmax><ymax>767</ymax></bndbox></object></annotation>