<annotation><folder>train</folder><filename>1c7865582.jpg</filename><size><width>768</width><height>768</height><depth>3</depth></size><segmented>0</segmented><object><name>ship</name><pose>Unspecified</pose><truncated>0</truncated><difficult>0</difficult><bndbox><xmin>169</xmin><ymin>369</ymin><xmax>177</xmax><ymax>374</ymax></bndbox></object><object><name>ship</name><pose>Unspecified</pose><truncated>0</truncated><difficult>0</difficult><bndbox><xmin>83</xmin><ymin>123</ymin><xmax>88</xmax><ymax>129</ymax></bndbox></object></annotation>