<annotation><folder>train</folder><filename>1d7f1b54e.jpg</filename><size><width>768</width><height>768</height><depth>3</depth></size><segmented>0</segmented><object><name>ship</name><pose>Unspecified</pose><truncated>0</truncated><difficult>0</difficult><bndbox><xmin>645</xmin><ymin>361</ymin><xmax>651</xmax><ymax>373</ymax></bndbox></object><object><name>ship</name><pose>Unspecified</pose><truncated>0</truncated><difficult>0</difficult><bndbox><xmin>518</xmin><ymin>466</ymin><xmax>523</xmax><ymax>478</ymax></bndbox></object></annotation>