<annotation><folder>train</folder><filename>2016803b2.jpg</filename><size><width>768</width><height>768</height><depth>3</depth></size><segmented>0</segmented><object><name>ship</name><pose>Unspecified</pose><truncated>0</truncated><difficult>0</difficult><bndbox><xmin>13</xmin><ymin>262</ymin><xmax>92</xmax><ymax>328</ymax></bndbox></object><object><name>ship</name><pose>Unspecified</pose><truncated>0</truncated><difficult>0</difficult><bndbox><xmin>131</xmin><ymin>309</ymin><xmax>329</xmax><ymax>403</ymax></bndbox></object></annotation>