<annotation><folder>train</folder><filename>2067bb6dc.jpg</filename><size><width>768</width><height>768</height><depth>3</depth></size><segmented>0</segmented><object><name>ship</name><pose>Unspecified</pose><truncated>0</truncated><difficult>0</difficult><bndbox><xmin>133</xmin><ymin>617</ymin><xmax>139</xmax><ymax>629</ymax></bndbox></object><object><name>ship</name><pose>Unspecified</pose><truncated>0</truncated><difficult>0</difficult><bndbox><xmin>6</xmin><ymin>722</ymin><xmax>11</xmax><ymax>734</ymax></bndbox></object></annotation>