<annotation><folder>train</folder><filename>206df85ce.jpg</filename><size><width>768</width><height>768</height><depth>3</depth></size><segmented>0</segmented><object><name>ship</name><pose>Unspecified</pose><truncated>0</truncated><difficult>0</difficult><bndbox><xmin>232</xmin><ymin>466</ymin><xmax>248</xmax><ymax>487</ymax></bndbox></object><object><name>ship</name><pose>Unspecified</pose><truncated>0</truncated><difficult>0</difficult><bndbox><xmin>687</xmin><ymin>311</ymin><xmax>722</xmax><ymax>344</ymax></bndbox></object></annotation>