<annotation><folder>train</folder><filename>22bf5efd6.jpg</filename><size><width>768</width><height>768</height><depth>3</depth></size><segmented>0</segmented><object><name>ship</name><pose>Unspecified</pose><truncated>0</truncated><difficult>0</difficult><bndbox><xmin>239</xmin><ymin>284</ymin><xmax>247</xmax><ymax>293</ymax></bndbox></object><object><name>ship</name><pose>Unspecified</pose><truncated>0</truncated><difficult>0</difficult><bndbox><xmin>684</xmin><ymin>221</ymin><xmax>688</xmax><ymax>223</ymax></bndbox></object></annotation>