<annotation><folder>train</folder><filename>23edd5fbc.jpg</filename><size><width>768</width><height>768</height><depth>3</depth></size><segmented>0</segmented><object><name>ship</name><pose>Unspecified</pose><truncated>0</truncated><difficult>0</difficult><bndbox><xmin>642</xmin><ymin>490</ymin><xmax>655</xmax><ymax>503</ymax></bndbox></object><object><name>ship</name><pose>Unspecified</pose><truncated>0</truncated><difficult>0</difficult><bndbox><xmin>479</xmin><ymin>386</ymin><xmax>667</xmax><ymax>543</ymax></bndbox></object><object><name>ship</name><pose>Unspecified</pose><truncated>0</truncated><difficult>0</difficult><bndbox><xmin>591</xmin><ymin>508</ymin><xmax>626</xmax><ymax>540</ymax></bndbox></object></annotation>