<annotation><folder>train</folder><filename>244c2fa7c.jpg</filename><size><width>768</width><height>768</height><depth>3</depth></size><segmented>0</segmented><object><name>ship</name><pose>Unspecified</pose><truncated>0</truncated><difficult>0</difficult><bndbox><xmin>127</xmin><ymin>661</ymin><xmax>144</xmax><ymax>674</ymax></bndbox></object><object><name>ship</name><pose>Unspecified</pose><truncated>0</truncated><difficult>0</difficult><bndbox><xmin>469</xmin><ymin>702</ymin><xmax>474</xmax><ymax>725</ymax></bndbox></object></annotation>