<annotation><folder>train</folder><filename>26d4fdfa3.jpg</filename><size><width>768</width><height>768</height><depth>3</depth></size><segmented>0</segmented><object><name>ship</name><pose>Unspecified</pose><truncated>0</truncated><difficult>0</difficult><bndbox><xmin>331</xmin><ymin>642</ymin><xmax>344</xmax><ymax>667</ymax></bndbox></object><object><name>ship</name><pose>Unspecified</pose><truncated>0</truncated><difficult>0</difficult><bndbox><xmin>581</xmin><ymin>107</ymin><xmax>688</xmax><ymax>402</ymax></bndbox></object><object><name>ship</name><pose>Unspecified</pose><truncated>0</truncated><difficult>0</difficult><bndbox><xmin>320</xmin><ymin>620</ymin><xmax>331</xmax><ymax>647</ymax></bndbox></object><object><name>ship</name><pose>Unspecified</pose><truncated>0</truncated><difficult>0</difficult><bndbox><xmin>543</xmin><ymin>117</ymin><xmax>555</xmax><ymax>130</ymax></bndbox></object><object><name>ship</name><pose>Unspecified</pose><truncated>0</truncated><difficult>0</difficult><bndbox><xmin>639</xmin><ymin>134</ymin><xmax>720</xmax><ymax>353</ymax></bndbox></object></annotation>