<annotation><folder>train</folder><filename>28885a99e.jpg</filename><size><width>768</width><height>768</height><depth>3</depth></size><segmented>0</segmented><object><name>ship</name><pose>Unspecified</pose><truncated>0</truncated><difficult>0</difficult><bndbox><xmin>195</xmin><ymin>571</ymin><xmax>212</xmax><ymax>580</ymax></bndbox></object><object><name>ship</name><pose>Unspecified</pose><truncated>0</truncated><difficult>0</difficult><bndbox><xmin>102</xmin><ymin>568</ymin><xmax>155</xmax><ymax>581</ymax></bndbox></object></annotation>