<annotation><folder>train</folder><filename>2918da39b.jpg</filename><size><width>768</width><height>768</height><depth>3</depth></size><segmented>0</segmented><object><name>ship</name><pose>Unspecified</pose><truncated>0</truncated><difficult>0</difficult><bndbox><xmin>687</xmin><ymin>508</ymin><xmax>717</xmax><ymax>549</ymax></bndbox></object><object><name>ship</name><pose>Unspecified</pose><truncated>0</truncated><difficult>0</difficult><bndbox><xmin>1</xmin><ymin>12</ymin><xmax>10</xmax><ymax>23</ymax></bndbox></object><object><name>ship</name><pose>Unspecified</pose><truncated>0</truncated><difficult>0</difficult><bndbox><xmin>685</xmin><ymin>498</ymin><xmax>701</xmax><ymax>511</ymax></bndbox></object></annotation>