<annotation><folder>train</folder><filename>29678306b.jpg</filename><size><width>768</width><height>768</height><depth>3</depth></size><segmented>0</segmented><object><name>ship</name><pose>Unspecified</pose><truncated>0</truncated><difficult>0</difficult><bndbox><xmin>406</xmin><ymin>38</ymin><xmax>449</xmax><ymax>87</ymax></bndbox></object><object><name>ship</name><pose>Unspecified</pose><truncated>0</truncated><difficult>0</difficult><bndbox><xmin>268</xmin><ymin>319</ymin><xmax>344</xmax><ymax>394</ymax></bndbox></object></annotation>