<annotation><folder>train</folder><filename>2a646647d.jpg</filename><size><width>768</width><height>768</height><depth>3</depth></size><segmented>0</segmented><object><name>ship</name><pose>Unspecified</pose><truncated>0</truncated><difficult>0</difficult><bndbox><xmin>3</xmin><ymin>187</ymin><xmax>46</xmax><ymax>230</ymax></bndbox></object><object><name>ship</name><pose>Unspecified</pose><truncated>0</truncated><difficult>0</difficult><bndbox><xmin>453</xmin><ymin>553</ymin><xmax>528</xmax><ymax>613</ymax></bndbox></object><object><name>ship</name><pose>Unspecified</pose><truncated>0</truncated><difficult>0</difficult><bndbox><xmin>568</xmin><ymin>635</ymin><xmax>588</xmax><ymax>660</ymax></bndbox></object><object><name>ship</name><pose>Unspecified</pose><truncated>0</truncated><difficult>0</difficult><bndbox><xmin>336</xmin><ymin>544</ymin><xmax>378</xmax><ymax>579</ymax></bndbox></object><object><name>ship</name><pose>Unspecified</pose><truncated>0</truncated><difficult>0</difficult><bndbox><xmin>455</xmin><ymin>485</ymin><xmax>569</xmax><ymax>620</ymax></bndbox></object></annotation>