<annotation><folder>train</folder><filename>2bbcea834.jpg</filename><size><width>768</width><height>768</height><depth>3</depth></size><segmented>0</segmented><object><name>ship</name><pose>Unspecified</pose><truncated>0</truncated><difficult>0</difficult><bndbox><xmin>707</xmin><ymin>59</ymin><xmax>724</xmax><ymax>68</ymax></bndbox></object><object><name>ship</name><pose>Unspecified</pose><truncated>0</truncated><difficult>0</difficult><bndbox><xmin>614</xmin><ymin>56</ymin><xmax>667</xmax><ymax>69</ymax></bndbox></object></annotation>