<annotation><folder>train</folder><filename>2bbd47c6d.jpg</filename><size><width>768</width><height>768</height><depth>3</depth></size><segmented>0</segmented><object><name>ship</name><pose>Unspecified</pose><truncated>0</truncated><difficult>0</difficult><bndbox><xmin>559</xmin><ymin>0</ymin><xmax>743</xmax><ymax>72</ymax></bndbox></object><object><name>ship</name><pose>Unspecified</pose><truncated>0</truncated><difficult>0</difficult><bndbox><xmin>560</xmin><ymin>10</ymin><xmax>599</xmax><ymax>29</ymax></bndbox></object></annotation>