<annotation><folder>train</folder><filename>2dd8eb12d.jpg</filename><size><width>768</width><height>768</height><depth>3</depth></size><segmented>0</segmented><object><name>ship</name><pose>Unspecified</pose><truncated>0</truncated><difficult>0</difficult><bndbox><xmin>32</xmin><ymin>447</ymin><xmax>44</xmax><ymax>458</ymax></bndbox></object><object><name>ship</name><pose>Unspecified</pose><truncated>0</truncated><difficult>0</difficult><bndbox><xmin>0</xmin><ymin>652</ymin><xmax>72</xmax><ymax>708</ymax></bndbox></object></annotation>