<annotation><folder>train</folder><filename>2f87bcabf.jpg</filename><size><width>768</width><height>768</height><depth>3</depth></size><segmented>0</segmented><object><name>ship</name><pose>Unspecified</pose><truncated>0</truncated><difficult>0</difficult><bndbox><xmin>101</xmin><ymin>493</ymin><xmax>109</xmax><ymax>499</ymax></bndbox></object><object><name>ship</name><pose>Unspecified</pose><truncated>0</truncated><difficult>0</difficult><bndbox><xmin>364</xmin><ymin>178</ymin><xmax>377</xmax><ymax>187</ymax></bndbox></object></annotation>