<annotation><folder>train</folder><filename>31b2622e8.jpg</filename><size><width>768</width><height>768</height><depth>3</depth></size><segmented>0</segmented><object><name>ship</name><pose>Unspecified</pose><truncated>0</truncated><difficult>0</difficult><bndbox><xmin>26</xmin><ymin>147</ymin><xmax>74</xmax><ymax>237</ymax></bndbox></object><object><name>ship</name><pose>Unspecified</pose><truncated>0</truncated><difficult>0</difficult><bndbox><xmin>318</xmin><ymin>173</ymin><xmax>338</xmax><ymax>269</ymax></bndbox></object></annotation>