<annotation><folder>train</folder><filename>3301ebe6d.jpg</filename><size><width>768</width><height>768</height><depth>3</depth></size><segmented>0</segmented><object><name>ship</name><pose>Unspecified</pose><truncated>0</truncated><difficult>0</difficult><bndbox><xmin>621</xmin><ymin>553</ymin><xmax>683</xmax><ymax>621</ymax></bndbox></object><object><name>ship</name><pose>Unspecified</pose><truncated>0</truncated><difficult>0</difficult><bndbox><xmin>586</xmin><ymin>654</ymin><xmax>602</xmax><ymax>671</ymax></bndbox></object></annotation>