<annotation><folder>train</folder><filename>331f0bc17.jpg</filename><size><width>768</width><height>768</height><depth>3</depth></size><segmented>0</segmented><object><name>ship</name><pose>Unspecified</pose><truncated>0</truncated><difficult>0</difficult><bndbox><xmin>507</xmin><ymin>5</ymin><xmax>547</xmax><ymax>23</ymax></bndbox></object><object><name>ship</name><pose>Unspecified</pose><truncated>0</truncated><difficult>0</difficult><bndbox><xmin>497</xmin><ymin>9</ymin><xmax>526</xmax><ymax>25</ymax></bndbox></object></annotation>