<annotation><folder>train</folder><filename>33340145f.jpg</filename><size><width>768</width><height>768</height><depth>3</depth></size><segmented>0</segmented><object><name>ship</name><pose>Unspecified</pose><truncated>0</truncated><difficult>0</difficult><bndbox><xmin>680</xmin><ymin>656</ymin><xmax>712</xmax><ymax>679</ymax></bndbox></object><object><name>ship</name><pose>Unspecified</pose><truncated>0</truncated><difficult>0</difficult><bndbox><xmin>421</xmin><ymin>551</ymin><xmax>450</xmax><ymax>573</ymax></bndbox></object></annotation>