<annotation><folder>train</folder><filename>333fd91b4.jpg</filename><size><width>768</width><height>768</height><depth>3</depth></size><segmented>0</segmented><object><name>ship</name><pose>Unspecified</pose><truncated>0</truncated><difficult>0</difficult><bndbox><xmin>439</xmin><ymin>52</ymin><xmax>446</xmax><ymax>58</ymax></bndbox></object><object><name>ship</name><pose>Unspecified</pose><truncated>0</truncated><difficult>0</difficult><bndbox><xmin>512</xmin><ymin>44</ymin><xmax>578</xmax><ymax>62</ymax></bndbox></object></annotation>