<annotation><folder>train</folder><filename>355b5b59c.jpg</filename><size><width>768</width><height>768</height><depth>3</depth></size><segmented>0</segmented><object><name>ship</name><pose>Unspecified</pose><truncated>0</truncated><difficult>0</difficult><bndbox><xmin>109</xmin><ymin>365</ymin><xmax>173</xmax><ymax>402</ymax></bndbox></object><object><name>ship</name><pose>Unspecified</pose><truncated>0</truncated><difficult>0</difficult><bndbox><xmin>27</xmin><ymin>301</ymin><xmax>191</xmax><ymax>392</ymax></bndbox></object></annotation>