<annotation><folder>train</folder><filename>36b795b03.jpg</filename><size><width>768</width><height>768</height><depth>3</depth></size><segmented>0</segmented><object><name>ship</name><pose>Unspecified</pose><truncated>0</truncated><difficult>0</difficult><bndbox><xmin>655</xmin><ymin>338</ymin><xmax>713</xmax><ymax>486</ymax></bndbox></object><object><name>ship</name><pose>Unspecified</pose><truncated>0</truncated><difficult>0</difficult><bndbox><xmin>686</xmin><ymin>406</ymin><xmax>713</xmax><ymax>472</ymax></bndbox></object><object><name>ship</name><pose>Unspecified</pose><truncated>0</truncated><difficult>0</difficult><bndbox><xmin>653</xmin><ymin>489</ymin><xmax>670</xmax><ymax>512</ymax></bndbox></object><object><name>ship</name><pose>Unspecified</pose><truncated>0</truncated><difficult>0</difficult><bndbox><xmin>48</xmin><ymin>471</ymin><xmax>116</xmax><ymax>583</ymax></bndbox></object><object><name>ship</name><pose>Unspecified</pose><truncated>0</truncated><difficult>0</difficult><bndbox><xmin>658</xmin><ymin>336</ymin><xmax>689</xmax><ymax>405</ymax></bndbox></object></annotation>