<annotation><folder>train</folder><filename>37bddeb2f.jpg</filename><size><width>768</width><height>768</height><depth>3</depth></size><segmented>0</segmented><object><name>ship</name><pose>Unspecified</pose><truncated>0</truncated><difficult>0</difficult><bndbox><xmin>200</xmin><ymin>235</ymin><xmax>208</xmax><ymax>253</ymax></bndbox></object><object><name>ship</name><pose>Unspecified</pose><truncated>0</truncated><difficult>0</difficult><bndbox><xmin>244</xmin><ymin>217</ymin><xmax>258</xmax><ymax>229</ymax></bndbox></object><object><name>ship</name><pose>Unspecified</pose><truncated>0</truncated><difficult>0</difficult><bndbox><xmin>313</xmin><ymin>179</ymin><xmax>325</xmax><ymax>190</ymax></bndbox></object><object><name>ship</name><pose>Unspecified</pose><truncated>0</truncated><difficult>0</difficult><bndbox><xmin>327</xmin><ymin>211</ymin><xmax>345</xmax><ymax>220</ymax></bndbox></object><object><name>ship</name><pose>Unspecified</pose><truncated>0</truncated><difficult>0</difficult><bndbox><xmin>235</xmin><ymin>267</ymin><xmax>252</xmax><ymax>282</ymax></bndbox></object><object><name>ship</name><pose>Unspecified</pose><truncated>0</truncated><difficult>0</difficult><bndbox><xmin>327</xmin><ymin>206</ymin><xmax>342</xmax><ymax>212</ymax></bndbox></object></annotation>