<annotation><folder>train</folder><filename>3826dcd2e.jpg</filename><size><width>768</width><height>768</height><depth>3</depth></size><segmented>0</segmented><object><name>ship</name><pose>Unspecified</pose><truncated>0</truncated><difficult>0</difficult><bndbox><xmin>262</xmin><ymin>617</ymin><xmax>343</xmax><ymax>698</ymax></bndbox></object><object><name>ship</name><pose>Unspecified</pose><truncated>0</truncated><difficult>0</difficult><bndbox><xmin>143</xmin><ymin>500</ymin><xmax>213</xmax><ymax>569</ymax></bndbox></object></annotation>