<annotation><folder>train</folder><filename>38278b1a2.jpg</filename><size><width>768</width><height>768</height><depth>3</depth></size><segmented>0</segmented><object><name>ship</name><pose>Unspecified</pose><truncated>0</truncated><difficult>0</difficult><bndbox><xmin>15</xmin><ymin>325</ymin><xmax>32</xmax><ymax>347</ymax></bndbox></object><object><name>ship</name><pose>Unspecified</pose><truncated>0</truncated><difficult>0</difficult><bndbox><xmin>108</xmin><ymin>535</ymin><xmax>131</xmax><ymax>555</ymax></bndbox></object></annotation>