<annotation><folder>train</folder><filename>39c18b67c.jpg</filename><size><width>768</width><height>768</height><depth>3</depth></size><segmented>0</segmented><object><name>ship</name><pose>Unspecified</pose><truncated>0</truncated><difficult>0</difficult><bndbox><xmin>650</xmin><ymin>259</ymin><xmax>669</xmax><ymax>287</ymax></bndbox></object><object><name>ship</name><pose>Unspecified</pose><truncated>0</truncated><difficult>0</difficult><bndbox><xmin>602</xmin><ymin>216</ymin><xmax>658</xmax><ymax>293</ymax></bndbox></object></annotation>