<annotation><folder>train</folder><filename>3a0ba63e0.jpg</filename><size><width>768</width><height>768</height><depth>3</depth></size><segmented>0</segmented><object><name>ship</name><pose>Unspecified</pose><truncated>0</truncated><difficult>0</difficult><bndbox><xmin>675</xmin><ymin>482</ymin><xmax>688</xmax><ymax>492</ymax></bndbox></object><object><name>ship</name><pose>Unspecified</pose><truncated>0</truncated><difficult>0</difficult><bndbox><xmin>691</xmin><ymin>504</ymin><xmax>697</xmax><ymax>519</ymax></bndbox></object></annotation>