<annotation><folder>train</folder><filename>3aedfdc76.jpg</filename><size><width>768</width><height>768</height><depth>3</depth></size><segmented>0</segmented><object><name>ship</name><pose>Unspecified</pose><truncated>0</truncated><difficult>0</difficult><bndbox><xmin>392</xmin><ymin>520</ymin><xmax>429</xmax><ymax>550</ymax></bndbox></object><object><name>ship</name><pose>Unspecified</pose><truncated>0</truncated><difficult>0</difficult><bndbox><xmin>651</xmin><ymin>235</ymin><xmax>671</xmax><ymax>262</ymax></bndbox></object></annotation>