<annotation><folder>train</folder><filename>3b2b7bc3f.jpg</filename><size><width>768</width><height>768</height><depth>3</depth></size><segmented>0</segmented><object><name>ship</name><pose>Unspecified</pose><truncated>0</truncated><difficult>0</difficult><bndbox><xmin>231</xmin><ymin>56</ymin><xmax>256</xmax><ymax>75</ymax></bndbox></object><object><name>ship</name><pose>Unspecified</pose><truncated>0</truncated><difficult>0</difficult><bndbox><xmin>25</xmin><ymin>646</ymin><xmax>59</xmax><ymax>673</ymax></bndbox></object></annotation>