<annotation><folder>train</folder><filename>3bc70aad4.jpg</filename><size><width>768</width><height>768</height><depth>3</depth></size><segmented>0</segmented><object><name>ship</name><pose>Unspecified</pose><truncated>0</truncated><difficult>0</difficult><bndbox><xmin>254</xmin><ymin>637</ymin><xmax>280</xmax><ymax>742</ymax></bndbox></object><object><name>ship</name><pose>Unspecified</pose><truncated>0</truncated><difficult>0</difficult><bndbox><xmin>223</xmin><ymin>634</ymin><xmax>241</xmax><ymax>738</ymax></bndbox></object></annotation>