<annotation><folder>train</folder><filename>3c9b43352.jpg</filename><size><width>768</width><height>768</height><depth>3</depth></size><segmented>0</segmented><object><name>ship</name><pose>Unspecified</pose><truncated>0</truncated><difficult>0</difficult><bndbox><xmin>195</xmin><ymin>265</ymin><xmax>205</xmax><ymax>276</ymax></bndbox></object><object><name>ship</name><pose>Unspecified</pose><truncated>0</truncated><difficult>0</difficult><bndbox><xmin>83</xmin><ymin>628</ymin><xmax>100</xmax><ymax>649</ymax></bndbox></object></annotation>