<annotation><folder>train</folder><filename>3d3e11a63.jpg</filename><size><width>768</width><height>768</height><depth>3</depth></size><segmented>0</segmented><object><name>ship</name><pose>Unspecified</pose><truncated>0</truncated><difficult>0</difficult><bndbox><xmin>709</xmin><ymin>231</ymin><xmax>748</xmax><ymax>391</ymax></bndbox></object><object><name>ship</name><pose>Unspecified</pose><truncated>0</truncated><difficult>0</difficult><bndbox><xmin>454</xmin><ymin>229</ymin><xmax>528</xmax><ymax>321</ymax></bndbox></object></annotation>