<annotation><folder>train</folder><filename>3e04ea1f5.jpg</filename><size><width>768</width><height>768</height><depth>3</depth></size><segmented>0</segmented><object><name>ship</name><pose>Unspecified</pose><truncated>0</truncated><difficult>0</difficult><bndbox><xmin>597</xmin><ymin>78</ymin><xmax>741</xmax><ymax>174</ymax></bndbox></object><object><name>ship</name><pose>Unspecified</pose><truncated>0</truncated><difficult>0</difficult><bndbox><xmin>365</xmin><ymin>589</ymin><xmax>475</xmax><ymax>658</ymax></bndbox></object></annotation>