<annotation><folder>train</folder><filename>3ecc693e4.jpg</filename><size><width>768</width><height>768</height><depth>3</depth></size><segmented>0</segmented><object><name>ship</name><pose>Unspecified</pose><truncated>0</truncated><difficult>0</difficult><bndbox><xmin>372</xmin><ymin>155</ymin><xmax>396</xmax><ymax>163</ymax></bndbox></object><object><name>ship</name><pose>Unspecified</pose><truncated>0</truncated><difficult>0</difficult><bndbox><xmin>476</xmin><ymin>132</ymin><xmax>545</xmax><ymax>157</ymax></bndbox></object></annotation>