<annotation><folder>train</folder><filename>3f028f813.jpg</filename><size><width>768</width><height>768</height><depth>3</depth></size><segmented>0</segmented><object><name>ship</name><pose>Unspecified</pose><truncated>0</truncated><difficult>0</difficult><bndbox><xmin>38</xmin><ymin>171</ymin><xmax>101</xmax><ymax>197</ymax></bndbox></object><object><name>ship</name><pose>Unspecified</pose><truncated>0</truncated><difficult>0</difficult><bndbox><xmin>107</xmin><ymin>472</ymin><xmax>206</xmax><ymax>518</ymax></bndbox></object></annotation>