<annotation><folder>train</folder><filename>3fba6b81b.jpg</filename><size><width>768</width><height>768</height><depth>3</depth></size><segmented>0</segmented><object><name>ship</name><pose>Unspecified</pose><truncated>0</truncated><difficult>0</difficult><bndbox><xmin>587</xmin><ymin>344</ymin><xmax>595</xmax><ymax>366</ymax></bndbox></object><object><name>ship</name><pose>Unspecified</pose><truncated>0</truncated><difficult>0</difficult><bndbox><xmin>614</xmin><ymin>324</ymin><xmax>636</xmax><ymax>390</ymax></bndbox></object><object><name>ship</name><pose>Unspecified</pose><truncated>0</truncated><difficult>0</difficult><bndbox><xmin>549</xmin><ymin>309</ymin><xmax>568</xmax><ymax>368</ymax></bndbox></object><object><name>ship</name><pose>Unspecified</pose><truncated>0</truncated><difficult>0</difficult><bndbox><xmin>533</xmin><ymin>305</ymin><xmax>552</xmax><ymax>365</ymax></bndbox></object><object><name>ship</name><pose>Unspecified</pose><truncated>0</truncated><difficult>0</difficult><bndbox><xmin>579</xmin><ymin>331</ymin><xmax>596</xmax><ymax>344</ymax></bndbox></object><object><name>ship</name><pose>Unspecified</pose><truncated>0</truncated><difficult>0</difficult><bndbox><xmin>618</xmin><ymin>390</ymin><xmax>625</xmax><ymax>409</ymax></bndbox></object><object><name>ship</name><pose>Unspecified</pose><truncated>0</truncated><difficult>0</difficult><bndbox><xmin>650</xmin><ymin>326</ymin><xmax>671</xmax><ymax>391</ymax></bndbox></object><object><name>ship</name><pose>Unspecified</pose><truncated>0</truncated><difficult>0</difficult><bndbox><xmin>499</xmin><ymin>299</ymin><xmax>526</xmax><ymax>361</ymax></bndbox></object><object><name>ship</name><pose>Unspecified</pose><truncated>0</truncated><difficult>0</difficult><bndbox><xmin>595</xmin><ymin>321</ymin><xmax>616</xmax><ymax>386</ymax></bndbox></object></annotation>