<annotation><folder>train</folder><filename>4013413e1.jpg</filename><size><width>768</width><height>768</height><depth>3</depth></size><segmented>0</segmented><object><name>ship</name><pose>Unspecified</pose><truncated>0</truncated><difficult>0</difficult><bndbox><xmin>389</xmin><ymin>617</ymin><xmax>395</xmax><ymax>629</ymax></bndbox></object><object><name>ship</name><pose>Unspecified</pose><truncated>0</truncated><difficult>0</difficult><bndbox><xmin>262</xmin><ymin>721</ymin><xmax>271</xmax><ymax>734</ymax></bndbox></object></annotation>