<annotation><folder>train</folder><filename>40b66f998.jpg</filename><size><width>768</width><height>768</height><depth>3</depth></size><segmented>0</segmented><object><name>ship</name><pose>Unspecified</pose><truncated>0</truncated><difficult>0</difficult><bndbox><xmin>276</xmin><ymin>710</ymin><xmax>294</xmax><ymax>726</ymax></bndbox></object><object><name>ship</name><pose>Unspecified</pose><truncated>0</truncated><difficult>0</difficult><bndbox><xmin>460</xmin><ymin>507</ymin><xmax>498</xmax><ymax>538</ymax></bndbox></object></annotation>