<annotation><folder>train</folder><filename>414da43c6.jpg</filename><size><width>768</width><height>768</height><depth>3</depth></size><segmented>0</segmented><object><name>ship</name><pose>Unspecified</pose><truncated>0</truncated><difficult>0</difficult><bndbox><xmin>394</xmin><ymin>9</ymin><xmax>481</xmax><ymax>99</ymax></bndbox></object><object><name>ship</name><pose>Unspecified</pose><truncated>0</truncated><difficult>0</difficult><bndbox><xmin>283</xmin><ymin>121</ymin><xmax>298</xmax><ymax>138</ymax></bndbox></object></annotation>