<annotation><folder>train</folder><filename>41936fbd5.jpg</filename><size><width>768</width><height>768</height><depth>3</depth></size><segmented>0</segmented><object><name>ship</name><pose>Unspecified</pose><truncated>0</truncated><difficult>0</difficult><bndbox><xmin>235</xmin><ymin>519</ymin><xmax>275</xmax><ymax>546</ymax></bndbox></object><object><name>ship</name><pose>Unspecified</pose><truncated>0</truncated><difficult>0</difficult><bndbox><xmin>675</xmin><ymin>632</ymin><xmax>714</xmax><ymax>666</ymax></bndbox></object></annotation>