<annotation><folder>train</folder><filename>44596b164.jpg</filename><size><width>768</width><height>768</height><depth>3</depth></size><segmented>0</segmented><object><name>ship</name><pose>Unspecified</pose><truncated>0</truncated><difficult>0</difficult><bndbox><xmin>261</xmin><ymin>54</ymin><xmax>414</xmax><ymax>279</ymax></bndbox></object><object><name>ship</name><pose>Unspecified</pose><truncated>0</truncated><difficult>0</difficult><bndbox><xmin>305</xmin><ymin>89</ymin><xmax>442</xmax><ymax>292</ymax></bndbox></object></annotation>