<annotation><folder>train</folder><filename>4553ca011.jpg</filename><size><width>768</width><height>768</height><depth>3</depth></size><segmented>0</segmented><object><name>ship</name><pose>Unspecified</pose><truncated>0</truncated><difficult>0</difficult><bndbox><xmin>70</xmin><ymin>608</ymin><xmax>111</xmax><ymax>634</ymax></bndbox></object><object><name>ship</name><pose>Unspecified</pose><truncated>0</truncated><difficult>0</difficult><bndbox><xmin>288</xmin><ymin>255</ymin><xmax>403</xmax><ymax>349</ymax></bndbox></object></annotation>