<annotation><folder>train</folder><filename>46507a0d0.jpg</filename><size><width>768</width><height>768</height><depth>3</depth></size><segmented>0</segmented><object><name>ship</name><pose>Unspecified</pose><truncated>0</truncated><difficult>0</difficult><bndbox><xmin>42</xmin><ymin>36</ymin><xmax>61</xmax><ymax>79</ymax></bndbox></object><object><name>ship</name><pose>Unspecified</pose><truncated>0</truncated><difficult>0</difficult><bndbox><xmin>24</xmin><ymin>1</ymin><xmax>54</xmax><ymax>16</ymax></bndbox></object><object><name>ship</name><pose>Unspecified</pose><truncated>0</truncated><difficult>0</difficult><bndbox><xmin>50</xmin><ymin>14</ymin><xmax>57</xmax><ymax>32</ymax></bndbox></object><object><name>ship</name><pose>Unspecified</pose><truncated>0</truncated><difficult>0</difficult><bndbox><xmin>24</xmin><ymin>26</ymin><xmax>42</xmax><ymax>71</ymax></bndbox></object><object><name>ship</name><pose>Unspecified</pose><truncated>0</truncated><difficult>0</difficult><bndbox><xmin>20</xmin><ymin>12</ymin><xmax>43</xmax><ymax>25</ymax></bndbox></object><object><name>ship</name><pose>Unspecified</pose><truncated>0</truncated><difficult>0</difficult><bndbox><xmin>43</xmin><ymin>20</ymin><xmax>50</xmax><ymax>32</ymax></bndbox></object><object><name>ship</name><pose>Unspecified</pose><truncated>0</truncated><difficult>0</difficult><bndbox><xmin>26</xmin><ymin>9</ymin><xmax>49</xmax><ymax>20</ymax></bndbox></object><object><name>ship</name><pose>Unspecified</pose><truncated>0</truncated><difficult>0</difficult><bndbox><xmin>26</xmin><ymin>79</ymin><xmax>38</xmax><ymax>97</ymax></bndbox></object><object><name>ship</name><pose>Unspecified</pose><truncated>0</truncated><difficult>0</difficult><bndbox><xmin>52</xmin><ymin>83</ymin><xmax>63</xmax><ymax>104</ymax></bndbox></object><object><name>ship</name><pose>Unspecified</pose><truncated>0</truncated><difficult>0</difficult><bndbox><xmin>17</xmin><ymin>74</ymin><xmax>32</xmax><ymax>94</ymax></bndbox></object><object><name>ship</name><pose>Unspecified</pose><truncated>0</truncated><difficult>0</difficult><bndbox><xmin>36</xmin><ymin>78</ymin><xmax>47</xmax><ymax>100</ymax></bndbox></object><object><name>ship</name><pose>Unspecified</pose><truncated>0</truncated><difficult>0</difficult><bndbox><xmin>45</xmin><ymin>82</ymin><xmax>53</xmax><ymax>101</ymax></bndbox></object><object><name>ship</name><pose>Unspecified</pose><truncated>0</truncated><difficult>0</difficult><bndbox><xmin>16</xmin><ymin>34</ymin><xmax>24</xmax><ymax>57</ymax></bndbox></object><object><name>ship</name><pose>Unspecified</pose><truncated>0</truncated><difficult>0</difficult><bndbox><xmin>6</xmin><ymin>32</ymin><xmax>15</xmax><ymax>59</ymax></bndbox></object></annotation>