<annotation><folder>train</folder><filename>468b44b87.jpg</filename><size><width>768</width><height>768</height><depth>3</depth></size><segmented>0</segmented><object><name>ship</name><pose>Unspecified</pose><truncated>0</truncated><difficult>0</difficult><bndbox><xmin>521</xmin><ymin>263</ymin><xmax>536</xmax><ymax>279</ymax></bndbox></object><object><name>ship</name><pose>Unspecified</pose><truncated>0</truncated><difficult>0</difficult><bndbox><xmin>609</xmin><ymin>421</ymin><xmax>706</xmax><ymax>478</ymax></bndbox></object></annotation>