<annotation><folder>train</folder><filename>46c5a6913.jpg</filename><size><width>768</width><height>768</height><depth>3</depth></size><segmented>0</segmented><object><name>ship</name><pose>Unspecified</pose><truncated>0</truncated><difficult>0</difficult><bndbox><xmin>725</xmin><ymin>292</ymin><xmax>767</xmax><ymax>432</ymax></bndbox></object><object><name>ship</name><pose>Unspecified</pose><truncated>0</truncated><difficult>0</difficult><bndbox><xmin>261</xmin><ymin>0</ymin><xmax>297</xmax><ymax>72</ymax></bndbox></object></annotation>