<annotation><folder>train</folder><filename>48b13756e.jpg</filename><size><width>768</width><height>768</height><depth>3</depth></size><segmented>0</segmented><object><name>ship</name><pose>Unspecified</pose><truncated>0</truncated><difficult>0</difficult><bndbox><xmin>713</xmin><ymin>301</ymin><xmax>723</xmax><ymax>310</ymax></bndbox></object><object><name>ship</name><pose>Unspecified</pose><truncated>0</truncated><difficult>0</difficult><bndbox><xmin>711</xmin><ymin>315</ymin><xmax>722</xmax><ymax>327</ymax></bndbox></object></annotation>