<annotation><folder>train</folder><filename>4a52cb227.jpg</filename><size><width>768</width><height>768</height><depth>3</depth></size><segmented>0</segmented><object><name>ship</name><pose>Unspecified</pose><truncated>0</truncated><difficult>0</difficult><bndbox><xmin>6</xmin><ymin>210</ymin><xmax>11</xmax><ymax>222</ymax></bndbox></object><object><name>ship</name><pose>Unspecified</pose><truncated>0</truncated><difficult>0</difficult><bndbox><xmin>133</xmin><ymin>105</ymin><xmax>139</xmax><ymax>117</ymax></bndbox></object></annotation>