<annotation><folder>train</folder><filename>4b4f94cc1.jpg</filename><size><width>768</width><height>768</height><depth>3</depth></size><segmented>0</segmented><object><name>ship</name><pose>Unspecified</pose><truncated>0</truncated><difficult>0</difficult><bndbox><xmin>718</xmin><ymin>662</ymin><xmax>732</xmax><ymax>671</ymax></bndbox></object><object><name>ship</name><pose>Unspecified</pose><truncated>0</truncated><difficult>0</difficult><bndbox><xmin>99</xmin><ymin>665</ymin><xmax>131</xmax><ymax>684</ymax></bndbox></object></annotation>