<annotation><folder>train</folder><filename>4ec5d3bce.jpg</filename><size><width>768</width><height>768</height><depth>3</depth></size><segmented>0</segmented><object><name>ship</name><pose>Unspecified</pose><truncated>0</truncated><difficult>0</difficult><bndbox><xmin>22</xmin><ymin>72</ymin><xmax>24</xmax><ymax>77</ymax></bndbox></object><object><name>ship</name><pose>Unspecified</pose><truncated>0</truncated><difficult>0</difficult><bndbox><xmin>705</xmin><ymin>617</ymin><xmax>714</xmax><ymax>626</ymax></bndbox></object><object><name>ship</name><pose>Unspecified</pose><truncated>0</truncated><difficult>0</difficult><bndbox><xmin>23</xmin><ymin>10</ymin><xmax>27</xmax><ymax>14</ymax></bndbox></object><object><name>ship</name><pose>Unspecified</pose><truncated>0</truncated><difficult>0</difficult><bndbox><xmin>292</xmin><ymin>289</ymin><xmax>300</xmax><ymax>295</ymax></bndbox></object><object><name>ship</name><pose>Unspecified</pose><truncated>0</truncated><difficult>0</difficult><bndbox><xmin>228</xmin><ymin>474</ymin><xmax>233</xmax><ymax>478</ymax></bndbox></object></annotation>