<annotation><folder>train</folder><filename>5117a9b5a.jpg</filename><size><width>768</width><height>768</height><depth>3</depth></size><segmented>0</segmented><object><name>ship</name><pose>Unspecified</pose><truncated>0</truncated><difficult>0</difficult><bndbox><xmin>545</xmin><ymin>673</ymin><xmax>570</xmax><ymax>695</ymax></bndbox></object><object><name>ship</name><pose>Unspecified</pose><truncated>0</truncated><difficult>0</difficult><bndbox><xmin>631</xmin><ymin>736</ymin><xmax>654</xmax><ymax>760</ymax></bndbox></object></annotation>