<annotation><folder>train</folder><filename>53151aa7c.jpg</filename><size><width>768</width><height>768</height><depth>3</depth></size><segmented>0</segmented><object><name>ship</name><pose>Unspecified</pose><truncated>0</truncated><difficult>0</difficult><bndbox><xmin>464</xmin><ymin>478</ymin><xmax>628</xmax><ymax>544</ymax></bndbox></object><object><name>ship</name><pose>Unspecified</pose><truncated>0</truncated><difficult>0</difficult><bndbox><xmin>336</xmin><ymin>16</ymin><xmax>417</xmax><ymax>53</ymax></bndbox></object></annotation>