<annotation><folder>train</folder><filename>53fbdf0b2.jpg</filename><size><width>768</width><height>768</height><depth>3</depth></size><segmented>0</segmented><object><name>ship</name><pose>Unspecified</pose><truncated>0</truncated><difficult>0</difficult><bndbox><xmin>485</xmin><ymin>588</ymin><xmax>505</xmax><ymax>604</ymax></bndbox></object><object><name>ship</name><pose>Unspecified</pose><truncated>0</truncated><difficult>0</difficult><bndbox><xmin>518</xmin><ymin>585</ymin><xmax>595</xmax><ymax>608</ymax></bndbox></object></annotation>