<annotation><folder>train</folder><filename>5417bb516.jpg</filename><size><width>768</width><height>768</height><depth>3</depth></size><segmented>0</segmented><object><name>ship</name><pose>Unspecified</pose><truncated>0</truncated><difficult>0</difficult><bndbox><xmin>257</xmin><ymin>689</ymin><xmax>270</xmax><ymax>696</ymax></bndbox></object><object><name>ship</name><pose>Unspecified</pose><truncated>0</truncated><difficult>0</difficult><bndbox><xmin>461</xmin><ymin>694</ymin><xmax>596</xmax><ymax>758</ymax></bndbox></object></annotation>