<annotation><folder>train</folder><filename>54318d2eb.jpg</filename><size><width>768</width><height>768</height><depth>3</depth></size><segmented>0</segmented><object><name>ship</name><pose>Unspecified</pose><truncated>0</truncated><difficult>0</difficult><bndbox><xmin>6</xmin><ymin>364</ymin><xmax>197</xmax><ymax>534</ymax></bndbox></object><object><name>ship</name><pose>Unspecified</pose><truncated>0</truncated><difficult>0</difficult><bndbox><xmin>624</xmin><ymin>0</ymin><xmax>767</xmax><ymax>170</ymax></bndbox></object></annotation>