<annotation><folder>train</folder><filename>547bdebce.jpg</filename><size><width>768</width><height>768</height><depth>3</depth></size><segmented>0</segmented><object><name>ship</name><pose>Unspecified</pose><truncated>0</truncated><difficult>0</difficult><bndbox><xmin>651</xmin><ymin>165</ymin><xmax>677</xmax><ymax>193</ymax></bndbox></object><object><name>ship</name><pose>Unspecified</pose><truncated>0</truncated><difficult>0</difficult><bndbox><xmin>639</xmin><ymin>182</ymin><xmax>669</xmax><ymax>197</ymax></bndbox></object></annotation>