<annotation><folder>train</folder><filename>54e8ae406.jpg</filename><size><width>768</width><height>768</height><depth>3</depth></size><segmented>0</segmented><object><name>ship</name><pose>Unspecified</pose><truncated>0</truncated><difficult>0</difficult><bndbox><xmin>188</xmin><ymin>739</ymin><xmax>195</xmax><ymax>750</ymax></bndbox></object><object><name>ship</name><pose>Unspecified</pose><truncated>0</truncated><difficult>0</difficult><bndbox><xmin>383</xmin><ymin>544</ymin><xmax>393</xmax><ymax>555</ymax></bndbox></object><object><name>ship</name><pose>Unspecified</pose><truncated>0</truncated><difficult>0</difficult><bndbox><xmin>276</xmin><ymin>725</ymin><xmax>284</xmax><ymax>736</ymax></bndbox></object><object><name>ship</name><pose>Unspecified</pose><truncated>0</truncated><difficult>0</difficult><bndbox><xmin>327</xmin><ymin>351</ymin><xmax>335</xmax><ymax>365</ymax></bndbox></object></annotation>