<annotation><folder>train</folder><filename>55df4a7a0.jpg</filename><size><width>768</width><height>768</height><depth>3</depth></size><segmented>0</segmented><object><name>ship</name><pose>Unspecified</pose><truncated>0</truncated><difficult>0</difficult><bndbox><xmin>653</xmin><ymin>109</ymin><xmax>663</xmax><ymax>117</ymax></bndbox></object><object><name>ship</name><pose>Unspecified</pose><truncated>0</truncated><difficult>0</difficult><bndbox><xmin>510</xmin><ymin>599</ymin><xmax>525</xmax><ymax>625</ymax></bndbox></object></annotation>