<annotation><folder>train</folder><filename>5675d2dc7.jpg</filename><size><width>768</width><height>768</height><depth>3</depth></size><segmented>0</segmented><object><name>ship</name><pose>Unspecified</pose><truncated>0</truncated><difficult>0</difficult><bndbox><xmin>126</xmin><ymin>18</ymin><xmax>366</xmax><ymax>152</ymax></bndbox></object><object><name>ship</name><pose>Unspecified</pose><truncated>0</truncated><difficult>0</difficult><bndbox><xmin>154</xmin><ymin>112</ymin><xmax>242</xmax><ymax>162</ymax></bndbox></object></annotation>