<annotation><folder>train</folder><filename>57fd410cf.jpg</filename><size><width>768</width><height>768</height><depth>3</depth></size><segmented>0</segmented><object><name>ship</name><pose>Unspecified</pose><truncated>0</truncated><difficult>0</difficult><bndbox><xmin>672</xmin><ymin>566</ymin><xmax>684</xmax><ymax>582</ymax></bndbox></object><object><name>ship</name><pose>Unspecified</pose><truncated>0</truncated><difficult>0</difficult><bndbox><xmin>709</xmin><ymin>625</ymin><xmax>718</xmax><ymax>638</ymax></bndbox></object></annotation>