<annotation><folder>train</folder><filename>5a167eb1f.jpg</filename><size><width>768</width><height>768</height><depth>3</depth></size><segmented>0</segmented><object><name>ship</name><pose>Unspecified</pose><truncated>0</truncated><difficult>0</difficult><bndbox><xmin>564</xmin><ymin>21</ymin><xmax>700</xmax><ymax>109</ymax></bndbox></object><object><name>ship</name><pose>Unspecified</pose><truncated>0</truncated><difficult>0</difficult><bndbox><xmin>596</xmin><ymin>28</ymin><xmax>656</xmax><ymax>65</ymax></bndbox></object><object><name>ship</name><pose>Unspecified</pose><truncated>0</truncated><difficult>0</difficult><bndbox><xmin>606</xmin><ymin>56</ymin><xmax>677</xmax><ymax>103</ymax></bndbox></object></annotation>