<annotation><folder>train</folder><filename>5c3c686ad.jpg</filename><size><width>768</width><height>768</height><depth>3</depth></size><segmented>0</segmented><object><name>ship</name><pose>Unspecified</pose><truncated>0</truncated><difficult>0</difficult><bndbox><xmin>666</xmin><ymin>102</ymin><xmax>678</xmax><ymax>116</ymax></bndbox></object><object><name>ship</name><pose>Unspecified</pose><truncated>0</truncated><difficult>0</difficult><bndbox><xmin>666</xmin><ymin>78</ymin><xmax>694</xmax><ymax>119</ymax></bndbox></object><object><name>ship</name><pose>Unspecified</pose><truncated>0</truncated><difficult>0</difficult><bndbox><xmin>420</xmin><ymin>247</ymin><xmax>437</xmax><ymax>255</ymax></bndbox></object><object><name>ship</name><pose>Unspecified</pose><truncated>0</truncated><difficult>0</difficult><bndbox><xmin>254</xmin><ymin>535</ymin><xmax>267</xmax><ymax>545</ymax></bndbox></object><object><name>ship</name><pose>Unspecified</pose><truncated>0</truncated><difficult>0</difficult><bndbox><xmin>402</xmin><ymin>252</ymin><xmax>438</xmax><ymax>270</ymax></bndbox></object><object><name>ship</name><pose>Unspecified</pose><truncated>0</truncated><difficult>0</difficult><bndbox><xmin>353</xmin><ymin>228</ymin><xmax>386</xmax><ymax>280</ymax></bndbox></object><object><name>ship</name><pose>Unspecified</pose><truncated>0</truncated><difficult>0</difficult><bndbox><xmin>405</xmin><ymin>247</ymin><xmax>476</xmax><ymax>288</ymax></bndbox></object></annotation>