<annotation><folder>train</folder><filename>5d06ccea8.jpg</filename><size><width>768</width><height>768</height><depth>3</depth></size><segmented>0</segmented><object><name>ship</name><pose>Unspecified</pose><truncated>0</truncated><difficult>0</difficult><bndbox><xmin>491</xmin><ymin>116</ymin><xmax>611</xmax><ymax>242</ymax></bndbox></object><object><name>ship</name><pose>Unspecified</pose><truncated>0</truncated><difficult>0</difficult><bndbox><xmin>17</xmin><ymin>58</ymin><xmax>114</xmax><ymax>234</ymax></bndbox></object></annotation>