<annotation><folder>train</folder><filename>5db6f319c.jpg</filename><size><width>768</width><height>768</height><depth>3</depth></size><segmented>0</segmented><object><name>ship</name><pose>Unspecified</pose><truncated>0</truncated><difficult>0</difficult><bndbox><xmin>105</xmin><ymin>455</ymin><xmax>177</xmax><ymax>480</ymax></bndbox></object><object><name>ship</name><pose>Unspecified</pose><truncated>0</truncated><difficult>0</difficult><bndbox><xmin>145</xmin><ymin>471</ymin><xmax>175</xmax><ymax>481</ymax></bndbox></object></annotation>