<annotation><folder>train</folder><filename>5ecea870b.jpg</filename><size><width>768</width><height>768</height><depth>3</depth></size><segmented>0</segmented><object><name>ship</name><pose>Unspecified</pose><truncated>0</truncated><difficult>0</difficult><bndbox><xmin>169</xmin><ymin>39</ymin><xmax>175</xmax><ymax>49</ymax></bndbox></object><object><name>ship</name><pose>Unspecified</pose><truncated>0</truncated><difficult>0</difficult><bndbox><xmin>416</xmin><ymin>131</ymin><xmax>424</xmax><ymax>142</ymax></bndbox></object><object><name>ship</name><pose>Unspecified</pose><truncated>0</truncated><difficult>0</difficult><bndbox><xmin>26</xmin><ymin>138</ymin><xmax>165</xmax><ymax>175</ymax></bndbox></object><object><name>ship</name><pose>Unspecified</pose><truncated>0</truncated><difficult>0</difficult><bndbox><xmin>537</xmin><ymin>607</ymin><xmax>673</xmax><ymax>636</ymax></bndbox></object><object><name>ship</name><pose>Unspecified</pose><truncated>0</truncated><difficult>0</difficult><bndbox><xmin>159</xmin><ymin>427</ymin><xmax>174</xmax><ymax>438</ymax></bndbox></object></annotation>