<annotation><folder>train</folder><filename>61b351949.jpg</filename><size><width>768</width><height>768</height><depth>3</depth></size><segmented>0</segmented><object><name>ship</name><pose>Unspecified</pose><truncated>0</truncated><difficult>0</difficult><bndbox><xmin>72</xmin><ymin>402</ymin><xmax>131</xmax><ymax>531</ymax></bndbox></object><object><name>ship</name><pose>Unspecified</pose><truncated>0</truncated><difficult>0</difficult><bndbox><xmin>37</xmin><ymin>680</ymin><xmax>49</xmax><ymax>696</ymax></bndbox></object></annotation>