<annotation><folder>train</folder><filename>61d3e800a.jpg</filename><size><width>768</width><height>768</height><depth>3</depth></size><segmented>0</segmented><object><name>ship</name><pose>Unspecified</pose><truncated>0</truncated><difficult>0</difficult><bndbox><xmin>282</xmin><ymin>386</ymin><xmax>464</xmax><ymax>470</ymax></bndbox></object><object><name>ship</name><pose>Unspecified</pose><truncated>0</truncated><difficult>0</difficult><bndbox><xmin>297</xmin><ymin>17</ymin><xmax>382</xmax><ymax>110</ymax></bndbox></object></annotation>