<annotation><folder>train</folder><filename>624e73ab9.jpg</filename><size><width>768</width><height>768</height><depth>3</depth></size><segmented>0</segmented><object><name>ship</name><pose>Unspecified</pose><truncated>0</truncated><difficult>0</difficult><bndbox><xmin>538</xmin><ymin>286</ymin><xmax>628</xmax><ymax>356</ymax></bndbox></object><object><name>ship</name><pose>Unspecified</pose><truncated>0</truncated><difficult>0</difficult><bndbox><xmin>12</xmin><ymin>89</ymin><xmax>87</xmax><ymax>161</ymax></bndbox></object></annotation>