<annotation><folder>train</folder><filename>62819573c.jpg</filename><size><width>768</width><height>768</height><depth>3</depth></size><segmented>0</segmented><object><name>ship</name><pose>Unspecified</pose><truncated>0</truncated><difficult>0</difficult><bndbox><xmin>432</xmin><ymin>184</ymin><xmax>494</xmax><ymax>200</ymax></bndbox></object><object><name>ship</name><pose>Unspecified</pose><truncated>0</truncated><difficult>0</difficult><bndbox><xmin>65</xmin><ymin>621</ymin><xmax>137</xmax><ymax>672</ymax></bndbox></object></annotation>