<annotation><folder>train</folder><filename>63af29610.jpg</filename><size><width>768</width><height>768</height><depth>3</depth></size><segmented>0</segmented><object><name>ship</name><pose>Unspecified</pose><truncated>0</truncated><difficult>0</difficult><bndbox><xmin>182</xmin><ymin>271</ymin><xmax>203</xmax><ymax>288</ymax></bndbox></object><object><name>ship</name><pose>Unspecified</pose><truncated>0</truncated><difficult>0</difficult><bndbox><xmin>47</xmin><ymin>528</ymin><xmax>61</xmax><ymax>541</ymax></bndbox></object></annotation>