<annotation><folder>train</folder><filename>64b4a6064.jpg</filename><size><width>768</width><height>768</height><depth>3</depth></size><segmented>0</segmented><object><name>ship</name><pose>Unspecified</pose><truncated>0</truncated><difficult>0</difficult><bndbox><xmin>624</xmin><ymin>336</ymin><xmax>637</xmax><ymax>349</ymax></bndbox></object><object><name>ship</name><pose>Unspecified</pose><truncated>0</truncated><difficult>0</difficult><bndbox><xmin>614</xmin><ymin>157</ymin><xmax>640</xmax><ymax>184</ymax></bndbox></object></annotation>