<annotation><folder>train</folder><filename>66bd1919c.jpg</filename><size><width>768</width><height>768</height><depth>3</depth></size><segmented>0</segmented><object><name>ship</name><pose>Unspecified</pose><truncated>0</truncated><difficult>0</difficult><bndbox><xmin>339</xmin><ymin>551</ymin><xmax>373</xmax><ymax>619</ymax></bndbox></object><object><name>ship</name><pose>Unspecified</pose><truncated>0</truncated><difficult>0</difficult><bndbox><xmin>379</xmin><ymin>427</ymin><xmax>391</xmax><ymax>449</ymax></bndbox></object></annotation>