<annotation><folder>train</folder><filename>67f44ba8d.jpg</filename><size><width>768</width><height>768</height><depth>3</depth></size><segmented>0</segmented><object><name>ship</name><pose>Unspecified</pose><truncated>0</truncated><difficult>0</difficult><bndbox><xmin>52</xmin><ymin>487</ymin><xmax>81</xmax><ymax>532</ymax></bndbox></object><object><name>ship</name><pose>Unspecified</pose><truncated>0</truncated><difficult>0</difficult><bndbox><xmin>74</xmin><ymin>497</ymin><xmax>89</xmax><ymax>526</ymax></bndbox></object></annotation>