<annotation><folder>train</folder><filename>67f66fb4f.jpg</filename><size><width>768</width><height>768</height><depth>3</depth></size><segmented>0</segmented><object><name>ship</name><pose>Unspecified</pose><truncated>0</truncated><difficult>0</difficult><bndbox><xmin>273</xmin><ymin>176</ymin><xmax>389</xmax><ymax>244</ymax></bndbox></object><object><name>ship</name><pose>Unspecified</pose><truncated>0</truncated><difficult>0</difficult><bndbox><xmin>329</xmin><ymin>231</ymin><xmax>352</xmax><ymax>243</ymax></bndbox></object></annotation>