<annotation><folder>train</folder><filename>6a6f37438.jpg</filename><size><width>768</width><height>768</height><depth>3</depth></size><segmented>0</segmented><object><name>ship</name><pose>Unspecified</pose><truncated>0</truncated><difficult>0</difficult><bndbox><xmin>709</xmin><ymin>387</ymin><xmax>736</xmax><ymax>404</ymax></bndbox></object><object><name>ship</name><pose>Unspecified</pose><truncated>0</truncated><difficult>0</difficult><bndbox><xmin>109</xmin><ymin>75</ymin><xmax>121</xmax><ymax>88</ymax></bndbox></object></annotation>