<annotation><folder>train</folder><filename>6bb0708a3.jpg</filename><size><width>768</width><height>768</height><depth>3</depth></size><segmented>0</segmented><object><name>ship</name><pose>Unspecified</pose><truncated>0</truncated><difficult>0</difficult><bndbox><xmin>266</xmin><ymin>154</ymin><xmax>291</xmax><ymax>185</ymax></bndbox></object><object><name>ship</name><pose>Unspecified</pose><truncated>0</truncated><difficult>0</difficult><bndbox><xmin>415</xmin><ymin>190</ymin><xmax>440</xmax><ymax>212</ymax></bndbox></object><object><name>ship</name><pose>Unspecified</pose><truncated>0</truncated><difficult>0</difficult><bndbox><xmin>375</xmin><ymin>127</ymin><xmax>397</xmax><ymax>148</ymax></bndbox></object><object><name>ship</name><pose>Unspecified</pose><truncated>0</truncated><difficult>0</difficult><bndbox><xmin>128</xmin><ymin>0</ymin><xmax>146</xmax><ymax>11</ymax></bndbox></object><object><name>ship</name><pose>Unspecified</pose><truncated>0</truncated><difficult>0</difficult><bndbox><xmin>575</xmin><ymin>648</ymin><xmax>585</xmax><ymax>676</ymax></bndbox></object></annotation>