<annotation><folder>train</folder><filename>6cb47ff9b.jpg</filename><size><width>768</width><height>768</height><depth>3</depth></size><segmented>0</segmented><object><name>ship</name><pose>Unspecified</pose><truncated>0</truncated><difficult>0</difficult><bndbox><xmin>702</xmin><ymin>434</ymin><xmax>767</xmax><ymax>636</ymax></bndbox></object><object><name>ship</name><pose>Unspecified</pose><truncated>0</truncated><difficult>0</difficult><bndbox><xmin>607</xmin><ymin>71</ymin><xmax>729</xmax><ymax>359</ymax></bndbox></object></annotation>