<annotation><folder>train</folder><filename>6fa1bc9b6.jpg</filename><size><width>768</width><height>768</height><depth>3</depth></size><segmented>0</segmented><object><name>ship</name><pose>Unspecified</pose><truncated>0</truncated><difficult>0</difficult><bndbox><xmin>762</xmin><ymin>620</ymin><xmax>767</xmax><ymax>622</ymax></bndbox></object><object><name>ship</name><pose>Unspecified</pose><truncated>0</truncated><difficult>0</difficult><bndbox><xmin>37</xmin><ymin>445</ymin><xmax>45</xmax><ymax>452</ymax></bndbox></object></annotation>