<annotation><folder>train</folder><filename>6ffe7f4ae.jpg</filename><size><width>768</width><height>768</height><depth>3</depth></size><segmented>0</segmented><object><name>ship</name><pose>Unspecified</pose><truncated>0</truncated><difficult>0</difficult><bndbox><xmin>20</xmin><ymin>229</ymin><xmax>50</xmax><ymax>278</ymax></bndbox></object><object><name>ship</name><pose>Unspecified</pose><truncated>0</truncated><difficult>0</difficult><bndbox><xmin>16</xmin><ymin>276</ymin><xmax>30</xmax><ymax>294</ymax></bndbox></object></annotation>