<annotation><folder>train</folder><filename>72d421524.jpg</filename><size><width>768</width><height>768</height><depth>3</depth></size><segmented>0</segmented><object><name>ship</name><pose>Unspecified</pose><truncated>0</truncated><difficult>0</difficult><bndbox><xmin>729</xmin><ymin>379</ymin><xmax>743</xmax><ymax>393</ymax></bndbox></object><object><name>ship</name><pose>Unspecified</pose><truncated>0</truncated><difficult>0</difficult><bndbox><xmin>546</xmin><ymin>265</ymin><xmax>611</xmax><ymax>315</ymax></bndbox></object></annotation>