<annotation><folder>train</folder><filename>731ef66e6.jpg</filename><size><width>768</width><height>768</height><depth>3</depth></size><segmented>0</segmented><object><name>ship</name><pose>Unspecified</pose><truncated>0</truncated><difficult>0</difficult><bndbox><xmin>470</xmin><ymin>447</ymin><xmax>507</xmax><ymax>480</ymax></bndbox></object><object><name>ship</name><pose>Unspecified</pose><truncated>0</truncated><difficult>0</difficult><bndbox><xmin>457</xmin><ymin>454</ymin><xmax>511</xmax><ymax>500</ymax></bndbox></object></annotation>