<annotation><folder>train</folder><filename>7411144f6.jpg</filename><size><width>768</width><height>768</height><depth>3</depth></size><segmented>0</segmented><object><name>ship</name><pose>Unspecified</pose><truncated>0</truncated><difficult>0</difficult><bndbox><xmin>277</xmin><ymin>430</ymin><xmax>291</xmax><ymax>438</ymax></bndbox></object><object><name>ship</name><pose>Unspecified</pose><truncated>0</truncated><difficult>0</difficult><bndbox><xmin>85</xmin><ymin>704</ymin><xmax>293</xmax><ymax>767</ymax></bndbox></object></annotation>