<annotation><folder>train</folder><filename>7521a8384.jpg</filename><size><width>768</width><height>768</height><depth>3</depth></size><segmented>0</segmented><object><name>ship</name><pose>Unspecified</pose><truncated>0</truncated><difficult>0</difficult><bndbox><xmin>560</xmin><ymin>152</ymin><xmax>576</xmax><ymax>167</ymax></bndbox></object><object><name>ship</name><pose>Unspecified</pose><truncated>0</truncated><difficult>0</difficult><bndbox><xmin>573</xmin><ymin>32</ymin><xmax>583</xmax><ymax>44</ymax></bndbox></object><object><name>ship</name><pose>Unspecified</pose><truncated>0</truncated><difficult>0</difficult><bndbox><xmin>539</xmin><ymin>48</ymin><xmax>553</xmax><ymax>63</ymax></bndbox></object><object><name>ship</name><pose>Unspecified</pose><truncated>0</truncated><difficult>0</difficult><bndbox><xmin>572</xmin><ymin>236</ymin><xmax>588</xmax><ymax>253</ymax></bndbox></object><object><name>ship</name><pose>Unspecified</pose><truncated>0</truncated><difficult>0</difficult><bndbox><xmin>574</xmin><ymin>110</ymin><xmax>589</xmax><ymax>126</ymax></bndbox></object></annotation>