<annotation><folder>train</folder><filename>762be92d4.jpg</filename><size><width>768</width><height>768</height><depth>3</depth></size><segmented>0</segmented><object><name>ship</name><pose>Unspecified</pose><truncated>0</truncated><difficult>0</difficult><bndbox><xmin>611</xmin><ymin>188</ymin><xmax>630</xmax><ymax>229</ymax></bndbox></object><object><name>ship</name><pose>Unspecified</pose><truncated>0</truncated><difficult>0</difficult><bndbox><xmin>559</xmin><ymin>457</ymin><xmax>567</xmax><ymax>467</ymax></bndbox></object><object><name>ship</name><pose>Unspecified</pose><truncated>0</truncated><difficult>0</difficult><bndbox><xmin>431</xmin><ymin>563</ymin><xmax>449</xmax><ymax>575</ymax></bndbox></object></annotation>