<annotation><folder>train</folder><filename>7b4a1851e.jpg</filename><size><width>768</width><height>768</height><depth>3</depth></size><segmented>0</segmented><object><name>ship</name><pose>Unspecified</pose><truncated>0</truncated><difficult>0</difficult><bndbox><xmin>512</xmin><ymin>250</ymin><xmax>524</xmax><ymax>262</ymax></bndbox></object><object><name>ship</name><pose>Unspecified</pose><truncated>0</truncated><difficult>0</difficult><bndbox><xmin>344</xmin><ymin>129</ymin><xmax>558</xmax><ymax>327</ymax></bndbox></object></annotation>