<annotation><folder>train</folder><filename>7cd7a6dbb.jpg</filename><size><width>768</width><height>768</height><depth>3</depth></size><segmented>0</segmented><object><name>ship</name><pose>Unspecified</pose><truncated>0</truncated><difficult>0</difficult><bndbox><xmin>731</xmin><ymin>376</ymin><xmax>767</xmax><ymax>412</ymax></bndbox></object><object><name>ship</name><pose>Unspecified</pose><truncated>0</truncated><difficult>0</difficult><bndbox><xmin>347</xmin><ymin>700</ymin><xmax>370</xmax><ymax>715</ymax></bndbox></object></annotation>