<annotation><folder>train</folder><filename>7d786c5f8.jpg</filename><size><width>768</width><height>768</height><depth>3</depth></size><segmented>0</segmented><object><name>ship</name><pose>Unspecified</pose><truncated>0</truncated><difficult>0</difficult><bndbox><xmin>138</xmin><ymin>279</ymin><xmax>159</xmax><ymax>288</ymax></bndbox></object><object><name>ship</name><pose>Unspecified</pose><truncated>0</truncated><difficult>0</difficult><bndbox><xmin>624</xmin><ymin>420</ymin><xmax>644</xmax><ymax>430</ymax></bndbox></object></annotation>