<annotation><folder>train</folder><filename>7e53f7760.jpg</filename><size><width>768</width><height>768</height><depth>3</depth></size><segmented>0</segmented><object><name>ship</name><pose>Unspecified</pose><truncated>0</truncated><difficult>0</difficult><bndbox><xmin>736</xmin><ymin>310</ymin><xmax>746</xmax><ymax>319</ymax></bndbox></object><object><name>ship</name><pose>Unspecified</pose><truncated>0</truncated><difficult>0</difficult><bndbox><xmin>519</xmin><ymin>195</ymin><xmax>524</xmax><ymax>209</ymax></bndbox></object></annotation>