<annotation><folder>train</folder><filename>7e86a4a2b.jpg</filename><size><width>768</width><height>768</height><depth>3</depth></size><segmented>0</segmented><object><name>ship</name><pose>Unspecified</pose><truncated>0</truncated><difficult>0</difficult><bndbox><xmin>648</xmin><ymin>571</ymin><xmax>706</xmax><ymax>638</ymax></bndbox></object><object><name>ship</name><pose>Unspecified</pose><truncated>0</truncated><difficult>0</difficult><bndbox><xmin>726</xmin><ymin>650</ymin><xmax>744</xmax><ymax>660</ymax></bndbox></object><object><name>ship</name><pose>Unspecified</pose><truncated>0</truncated><difficult>0</difficult><bndbox><xmin>723</xmin><ymin>657</ymin><xmax>742</xmax><ymax>666</ymax></bndbox></object></annotation>