<annotation><folder>train</folder><filename>7f55f5e5c.jpg</filename><size><width>768</width><height>768</height><depth>3</depth></size><segmented>0</segmented><object><name>ship</name><pose>Unspecified</pose><truncated>0</truncated><difficult>0</difficult><bndbox><xmin>272</xmin><ymin>19</ymin><xmax>292</xmax><ymax>60</ymax></bndbox></object><object><name>ship</name><pose>Unspecified</pose><truncated>0</truncated><difficult>0</difficult><bndbox><xmin>314</xmin><ymin>316</ymin><xmax>346</xmax><ymax>385</ymax></bndbox></object></annotation>