<annotation><folder>train</folder><filename>7f6f85395.jpg</filename><size><width>768</width><height>768</height><depth>3</depth></size><segmented>0</segmented><object><name>ship</name><pose>Unspecified</pose><truncated>0</truncated><difficult>0</difficult><bndbox><xmin>533</xmin><ymin>114</ymin><xmax>632</xmax><ymax>158</ymax></bndbox></object><object><name>ship</name><pose>Unspecified</pose><truncated>0</truncated><difficult>0</difficult><bndbox><xmin>36</xmin><ymin>321</ymin><xmax>154</xmax><ymax>346</ymax></bndbox></object></annotation>