<annotation><folder>train</folder><filename>8077cdaf7.jpg</filename><size><width>768</width><height>768</height><depth>3</depth></size><segmented>0</segmented><object><name>ship</name><pose>Unspecified</pose><truncated>0</truncated><difficult>0</difficult><bndbox><xmin>84</xmin><ymin>523</ymin><xmax>103</xmax><ymax>543</ymax></bndbox></object><object><name>ship</name><pose>Unspecified</pose><truncated>0</truncated><difficult>0</difficult><bndbox><xmin>27</xmin><ymin>585</ymin><xmax>99</xmax><ymax>633</ymax></bndbox></object></annotation>