<annotation><folder>train</folder><filename>8125fda77.jpg</filename><size><width>768</width><height>768</height><depth>3</depth></size><segmented>0</segmented><object><name>ship</name><pose>Unspecified</pose><truncated>0</truncated><difficult>0</difficult><bndbox><xmin>70</xmin><ymin>555</ymin><xmax>92</xmax><ymax>579</ymax></bndbox></object><object><name>ship</name><pose>Unspecified</pose><truncated>0</truncated><difficult>0</difficult><bndbox><xmin>564</xmin><ymin>663</ymin><xmax>628</xmax><ymax>717</ymax></bndbox></object><object><name>ship</name><pose>Unspecified</pose><truncated>0</truncated><difficult>0</difficult><bndbox><xmin>224</xmin><ymin>244</ymin><xmax>296</xmax><ymax>304</ymax></bndbox></object><object><name>ship</name><pose>Unspecified</pose><truncated>0</truncated><difficult>0</difficult><bndbox><xmin>582</xmin><ymin>463</ymin><xmax>644</xmax><ymax>514</ymax></bndbox></object><object><name>ship</name><pose>Unspecified</pose><truncated>0</truncated><difficult>0</difficult><bndbox><xmin>733</xmin><ymin>448</ymin><xmax>750</xmax><ymax>474</ymax></bndbox></object><object><name>ship</name><pose>Unspecified</pose><truncated>0</truncated><difficult>0</difficult><bndbox><xmin>357</xmin><ymin>508</ymin><xmax>394</xmax><ymax>539</ymax></bndbox></object><object><name>ship</name><pose>Unspecified</pose><truncated>0</truncated><difficult>0</difficult><bndbox><xmin>3</xmin><ymin>681</ymin><xmax>31</xmax><ymax>705</ymax></bndbox></object></annotation>